{
 "allTestModules": [], 
 "enable_e10s": false, 
 "jetpackID": "jid1-SsyJKBEwVM7h4Q@jetpack", 
 "loader": "api-utils/lib/cuddlefish.js", 
 "main": "main", 
 "mainPath": "networking-dashboard/lib/main.js", 
 "manifest": {
  "addon-kit/lib/page-mod.js": {
   "docsSHA256": "450c846ea88ace23d11b0c1417ea2728a4f9835271cac898f905749841a9e511", 
   "jsSHA256": "0630c2e681fb3f99dc2d0d3ad80d2ecba76734ac536c13086ecddae5130427e8", 
   "moduleName": "page-mod", 
   "packageName": "addon-kit", 
   "requirements": {
    "api-utils/api-utils": {
     "path": "api-utils/lib/api-utils.js"
    }, 
    "api-utils/content": {
     "path": "api-utils/lib/content.js"
    }, 
    "api-utils/content/loader": {
     "path": "api-utils/lib/content/loader.js"
    }, 
    "api-utils/events": {
     "path": "api-utils/lib/events.js"
    }, 
    "api-utils/list": {
     "path": "api-utils/lib/list.js"
    }, 
    "api-utils/match-pattern": {
     "path": "api-utils/lib/match-pattern.js"
    }, 
    "api-utils/observer-service": {
     "path": "api-utils/lib/observer-service.js"
    }, 
    "api-utils/utils/object": {
     "path": "api-utils/lib/utils/object.js"
    }, 
    "api-utils/utils/registry": {
     "path": "api-utils/lib/utils/registry.js"
    }, 
    "api-utils/xul-app": {
     "path": "api-utils/lib/xul-app.js"
    }, 
    "chrome": {
     "path": "chrome"
    }
   }, 
   "sectionName": "lib"
  }, 
  "addon-kit/lib/timers.js": {
   "docsSHA256": "e6d65cc995033b13daf1e898d8999aa312941bc29697fb712b2a3a2b2e0d5321", 
   "jsSHA256": "26bed37a039c6e1c4876048e5b5342c1569b9bee3daecb2cc904c93a26d94634", 
   "moduleName": "timers", 
   "packageName": "addon-kit", 
   "requirements": {
    "api-utils/timer": {
     "path": "api-utils/lib/timer.js"
    }
   }, 
   "sectionName": "lib"
  }, 
  "addon-kit/lib/windows.js": {
   "docsSHA256": "885891307cd3cd69cf9c5a0838503d8b4dbc7408d5a20767278de912d2e30a0c", 
   "jsSHA256": "91881e6f7a72991fa9c9657f665c6bef5f37a465cbfb850ea15e07b8c7b312d4", 
   "moduleName": "windows", 
   "packageName": "addon-kit", 
   "requirements": {
    "api-utils/api-utils": {
     "path": "api-utils/lib/api-utils.js"
    }, 
    "api-utils/events": {
     "path": "api-utils/lib/events.js"
    }, 
    "api-utils/list": {
     "path": "api-utils/lib/list.js"
    }, 
    "api-utils/tabs/tab": {
     "path": "api-utils/lib/tabs/tab.js"
    }, 
    "api-utils/traits": {
     "path": "api-utils/lib/traits.js"
    }, 
    "api-utils/unload": {
     "path": "api-utils/lib/unload.js"
    }, 
    "api-utils/window-utils": {
     "path": "api-utils/lib/window-utils.js"
    }, 
    "api-utils/windows/dom": {
     "path": "api-utils/lib/windows/dom.js"
    }, 
    "api-utils/windows/loader": {
     "path": "api-utils/lib/windows/loader.js"
    }, 
    "api-utils/windows/tabs": {
     "path": "api-utils/lib/windows/tabs.js"
    }, 
    "api-utils/xul-app": {
     "path": "api-utils/lib/xul-app.js"
    }, 
    "chrome": {
     "path": "chrome"
    }
   }, 
   "sectionName": "lib"
  }, 
  "api-utils/lib/api-utils.js": {
   "docsSHA256": "acd5fdc9bc57bfd0731d85b0d171fdabef7d6471cb1160926e8ff6c1be0745ee", 
   "jsSHA256": "dee66eb5c08877b3765223fe6a11473c081c197919fb86802e3e419466f12a94", 
   "moduleName": "api-utils", 
   "packageName": "api-utils", 
   "requirements": {
    "api-utils/memory": {
     "path": "api-utils/lib/memory.js"
    }
   }, 
   "sectionName": "lib"
  }, 
  "api-utils/lib/base.js": {
   "docsSHA256": "92ddcf82c81cc72f046ec33da53b19e2ce67dd592b92aedad1f26b98a490c3cd", 
   "jsSHA256": "59a13dee35dcb90d0805aaa895028f02b793448747637f02ecd75736131a6258", 
   "moduleName": "base", 
   "packageName": "api-utils", 
   "requirements": {}, 
   "sectionName": "lib"
  }, 
  "api-utils/lib/byte-streams.js": {
   "docsSHA256": "0ed31570a32a427c27c1eed11a003dd9fdd9066d26cfc3a2e26e8b64bbdd7411", 
   "jsSHA256": "70fb9a7ec33b9dda9b70e0d5c6b0234362e30c35f269027269b54a1d6f130eea", 
   "moduleName": "byte-streams", 
   "packageName": "api-utils", 
   "requirements": {
    "./unload": {
     "path": "api-utils/lib/unload.js"
    }, 
    "chrome": {
     "path": "chrome"
    }
   }, 
   "sectionName": "lib"
  }, 
  "api-utils/lib/channel.js": {
   "docsSHA256": null, 
   "jsSHA256": "811b1c25c0220549e258e88057c93ade230d3a49dee7d8d6c72ee832b1ec7f9d", 
   "moduleName": "channel", 
   "packageName": "api-utils", 
   "requirements": {
    "./unload": {
     "path": "api-utils/lib/unload.js"
    }, 
    "@packaging": {
     "path": "@packaging"
    }
   }, 
   "sectionName": "lib"
  }, 
  "api-utils/lib/collection.js": {
   "docsSHA256": "fe8063b3aa9fa3fca9ee48beaf7d6c874143defe43c8792f8a79acddfb1eb853", 
   "jsSHA256": "dd21613fd2a748fcee0510f2ce774248c03c3fa34459c5a238d9ffd9b5d1f110", 
   "moduleName": "collection", 
   "packageName": "api-utils", 
   "requirements": {}, 
   "sectionName": "lib"
  }, 
  "api-utils/lib/content.js": {
   "docsSHA256": "517de69800a5812c55fddbe19468397590e7b4aebecd2f2dfd43dbe4c90e86ae", 
   "jsSHA256": "0119f8c1c84d40bd8faa413aa9ce3106c86ba5c996f231f98753bff84fdb1db3", 
   "moduleName": "content", 
   "packageName": "api-utils", 
   "requirements": {
    "./content/loader": {
     "path": "api-utils/lib/content/loader.js"
    }, 
    "./content/symbiont": {
     "path": "api-utils/lib/content/symbiont.js"
    }, 
    "./content/worker": {
     "path": "api-utils/lib/content/worker.js"
    }
   }, 
   "sectionName": "lib"
  }, 
  "api-utils/lib/content/loader.js": {
   "docsSHA256": "7bfca5d4f85e36b5e2d5166639fefa981fd92e5bff6e633f32d1095f31e216fc", 
   "jsSHA256": "9a70a9297c853f7e516d2365fdae3b3fff6111156e35b8a1b267849aa825f26c", 
   "moduleName": "content/loader", 
   "packageName": "api-utils", 
   "requirements": {
    "../api-utils": {
     "path": "api-utils/lib/api-utils.js"
    }, 
    "../events": {
     "path": "api-utils/lib/events.js"
    }, 
    "../file": {
     "path": "api-utils/lib/file.js"
    }, 
    "../url": {
     "path": "api-utils/lib/url.js"
    }
   }, 
   "sectionName": "lib"
  }, 
  "api-utils/lib/content/symbiont.js": {
   "docsSHA256": "ffd68f89a1fbadfd85117186266ad6ecc3146aed82d878ee255335b233ffac6a", 
   "jsSHA256": "8b4633e1c6b75978c893077f11460fa026ed26ec31c6fcc11420f346f119ac2d", 
   "moduleName": "content/symbiont", 
   "packageName": "api-utils", 
   "requirements": {
    "../hidden-frame": {
     "path": "api-utils/lib/hidden-frame.js"
    }, 
    "../observer-service": {
     "path": "api-utils/lib/observer-service.js"
    }, 
    "../unload": {
     "path": "api-utils/lib/unload.js"
    }, 
    "./loader": {
     "path": "api-utils/lib/content/loader.js"
    }, 
    "./worker": {
     "path": "api-utils/lib/content/worker.js"
    }, 
    "@packaging": {
     "path": "@packaging"
    }
   }, 
   "sectionName": "lib"
  }, 
  "api-utils/lib/content/worker.js": {
   "docsSHA256": "77d6dfd1626ce26b2e10009d644f1f9f29f59497a8e1d2e6a30d5fca0a897d73", 
   "jsSHA256": "e3ed69fca9d64f191e3468e89cac88a686eee3cddb1f8fa820b2dbe2053ed638", 
   "moduleName": "content/worker", 
   "packageName": "api-utils", 
   "requirements": {
    "../cortex": {
     "path": "api-utils/lib/cortex.js"
    }, 
    "../events": {
     "path": "api-utils/lib/events.js"
    }, 
    "../observer-service": {
     "path": "api-utils/lib/observer-service.js"
    }, 
    "../sandbox": {
     "path": "api-utils/lib/sandbox.js"
    }, 
    "../tabs/tab": {
     "path": "api-utils/lib/tabs/tab.js"
    }, 
    "../timer": {
     "path": "api-utils/lib/timer.js"
    }, 
    "../traits": {
     "path": "api-utils/lib/traits.js"
    }, 
    "../unload": {
     "path": "api-utils/lib/unload.js"
    }, 
    "../url": {
     "path": "api-utils/lib/url.js"
    }, 
    "../utils/object": {
     "path": "api-utils/lib/utils/object.js"
    }, 
    "chrome": {
     "path": "chrome"
    }, 
    "self": {
     "dataURIPrefix": "api-utils/data/", 
     "mapName": "api-utils-data", 
     "mapSHA256": "ea141f622683646d6790a8a27467d9ef9c7217757baa24f1a9e6f35fd161a606", 
     "path": "self"
    }
   }, 
   "sectionName": "lib"
  }, 
  "api-utils/lib/cortex.js": {
   "docsSHA256": "dc01ce8965bf36d561bb1f61590b066f72322640ee124761535f3b8578eed126", 
   "jsSHA256": "7765b219e1e3c39a5109135343b572dcdc0a7ea8e1d9e21354ae66720ecf4ba0", 
   "moduleName": "cortex", 
   "packageName": "api-utils", 
   "requirements": {}, 
   "sectionName": "lib"
  }, 
  "api-utils/lib/cuddlefish.js": {
   "docsSHA256": null, 
   "jsSHA256": "96a0c54932b761ac7e30b61b6c716b862f69abcd58fa66c182f3cc3cab142aee", 
   "moduleName": "cuddlefish", 
   "packageName": "api-utils", 
   "requirements": {
    "@packaging": {
     "path": "@packaging"
    }, 
    "api-utils/globals!": {
     "path": "api-utils/lib/globals!.js"
    }, 
    "api-utils/process": {
     "path": "api-utils/lib/process.js"
    }, 
    "api-utils/self!": {
     "path": "api-utils/lib/self!.js"
    }, 
    "api-utils/system": {
     "path": "api-utils/lib/system.js"
    }, 
    "api-utils/unload": {
     "path": "api-utils/lib/unload.js"
    }
   }, 
   "sectionName": "lib"
  }, 
  "api-utils/lib/dom/events.js": {
   "docsSHA256": null, 
   "jsSHA256": "c4fc5994b6a4e0008cf52eaaa765a5ad313155946fa5be6ffd1b83396c3b576d", 
   "moduleName": "dom/events", 
   "packageName": "api-utils", 
   "requirements": {}, 
   "sectionName": "lib"
  }, 
  "api-utils/lib/environment.js": {
   "docsSHA256": "1a8f64c8e3f83f13a9c1fa0e1196cf65555a63fd68eaf45c440792cf8bed7479", 
   "jsSHA256": "d96f4609263ef09f541cbe4a9df8532594fbb01f642b0af632b71c95e70c4b0c", 
   "moduleName": "environment", 
   "packageName": "api-utils", 
   "requirements": {
    "chrome": {
     "path": "chrome"
    }
   }, 
   "sectionName": "lib"
  }, 
  "api-utils/lib/errors.js": {
   "docsSHA256": "e141cd31bd7d5a6fb64019470d4e24acaa7e98a449a88afd9c23b9b743e9dcc5", 
   "jsSHA256": "a9f3c34b8f0ed4b45c08e3691f934610cf4568d0c7031073df4e8c792b4c211e", 
   "moduleName": "errors", 
   "packageName": "api-utils", 
   "requirements": {}, 
   "sectionName": "lib"
  }, 
  "api-utils/lib/events.js": {
   "docsSHA256": "40e48810b4d8d6926935abc2b7f7e49c4d1b7d51485f421bd43950bc3268d7f4", 
   "jsSHA256": "7d52b7d9931d4f94cb2da1745165f399f9ce637df0c25969259e14140a024b73", 
   "moduleName": "events", 
   "packageName": "api-utils", 
   "requirements": {
    "./light-traits": {
     "path": "api-utils/lib/light-traits.js"
    }, 
    "./traits": {
     "path": "api-utils/lib/traits.js"
    }
   }, 
   "sectionName": "lib"
  }, 
  "api-utils/lib/events/assembler.js": {
   "docsSHA256": null, 
   "jsSHA256": "d7d83af2f2b948340eb2960fc16246510f4ca594a5dda4e37e565b3f2fb747a5", 
   "moduleName": "events/assembler", 
   "packageName": "api-utils", 
   "requirements": {
    "../dom/events": {
     "path": "api-utils/lib/dom/events.js"
    }, 
    "../light-traits": {
     "path": "api-utils/lib/light-traits.js"
    }
   }, 
   "sectionName": "lib"
  }, 
  "api-utils/lib/file.js": {
   "docsSHA256": "a508f419ab1981dcd51439dec49f5833db3d4c7cfcc396fe90386d502f03bb0d", 
   "jsSHA256": "d9f0ff832e14d93aa74150db5f69ad57c2f28248f69d726d164cb118c8717b29", 
   "moduleName": "file", 
   "packageName": "api-utils", 
   "requirements": {
    "./byte-streams": {
     "path": "api-utils/lib/byte-streams.js"
    }, 
    "./text-streams": {
     "path": "api-utils/lib/text-streams.js"
    }, 
    "chrome": {
     "path": "chrome"
    }
   }, 
   "sectionName": "lib"
  }, 
  "api-utils/lib/functional.js": {
   "docsSHA256": null, 
   "jsSHA256": "251780f6cea3aaefcccc202ca69cce53d5a2214205dd465e7c754b126dd44dea", 
   "moduleName": "functional", 
   "packageName": "api-utils", 
   "requirements": {
    "./timer": {
     "path": "api-utils/lib/timer.js"
    }
   }, 
   "sectionName": "lib"
  }, 
  "api-utils/lib/globals!.js": {
   "docsSHA256": null, 
   "jsSHA256": "4a889664cbbc2f4373b4de402438fdce0b044ff84c05d3bb256bccd9fe55423e", 
   "moduleName": "globals!", 
   "packageName": "api-utils", 
   "requirements": {
    "./plain-text-console": {
     "path": "api-utils/lib/plain-text-console.js"
    }, 
    "@packaging": {
     "path": "@packaging"
    }, 
    "chrome": {
     "path": "chrome"
    }
   }, 
   "sectionName": "lib"
  }, 
  "api-utils/lib/hidden-frame.js": {
   "docsSHA256": "8b0560532d605be15b6d2f0f487b3a1876f1c35255cb87ea47865cc6ba43dc86", 
   "jsSHA256": "15a7245c09e07861ead5991fb138e7635f4d764289ba0a5ca59c27606e96029a", 
   "moduleName": "hidden-frame", 
   "packageName": "api-utils", 
   "requirements": {
    "./api-utils": {
     "path": "api-utils/lib/api-utils.js"
    }, 
    "./collection": {
     "path": "api-utils/lib/collection.js"
    }, 
    "./errors": {
     "path": "api-utils/lib/errors.js"
    }, 
    "./timer": {
     "path": "api-utils/lib/timer.js"
    }, 
    "./unload": {
     "path": "api-utils/lib/unload.js"
    }, 
    "./xul-app": {
     "path": "api-utils/lib/xul-app.js"
    }, 
    "chrome": {
     "path": "chrome"
    }
   }, 
   "sectionName": "lib"
  }, 
  "api-utils/lib/light-traits.js": {
   "docsSHA256": "5d27c215d1f1104010c0c71f3f44f79b2530e9b1afa08db6e60ef5458a3a6a77", 
   "jsSHA256": "8d00d1661a149cf6e1ac50354418c4ac24e9d692b40ef8976ae481373d8bfb2c", 
   "moduleName": "light-traits", 
   "packageName": "api-utils", 
   "requirements": {}, 
   "sectionName": "lib"
  }, 
  "api-utils/lib/list.js": {
   "docsSHA256": "bed383f43485384d7ecd1f330e80b57a9514fd34d84dc1242a004bfef00c4c50", 
   "jsSHA256": "47fa2de01fecdf891bf8fee3ca7103e82d1d5ab32623513ab286b8939e56b079", 
   "moduleName": "list", 
   "packageName": "api-utils", 
   "requirements": {
    "./traits": {
     "path": "api-utils/lib/traits.js"
    }
   }, 
   "sectionName": "lib"
  }, 
  "api-utils/lib/match-pattern.js": {
   "docsSHA256": "698643fdfce0775aa46caebe4ac5ea6f940fad4ef020d08f064cee14fae45a75", 
   "jsSHA256": "16f330e4d0eba08f53cf98631353552395e7f17e7273c0005273fcf9e7722518", 
   "moduleName": "match-pattern", 
   "packageName": "api-utils", 
   "requirements": {
    "./url": {
     "path": "api-utils/lib/url.js"
    }
   }, 
   "sectionName": "lib"
  }, 
  "api-utils/lib/memory.js": {
   "docsSHA256": "5bb4d443a8392684c9cd1e3ebf8d4c85b513a5927dd7214fdb2e631f73d01526", 
   "jsSHA256": "f41b28860ac61fc69d05be491fc52d0babf109c25aee9a464db18bacd6b9bfd5", 
   "moduleName": "memory", 
   "packageName": "api-utils", 
   "requirements": {
    "./unload": {
     "path": "api-utils/lib/unload.js"
    }, 
    "chrome": {
     "path": "chrome"
    }
   }, 
   "sectionName": "lib"
  }, 
  "api-utils/lib/message-manager.js": {
   "docsSHA256": "6af8abd732f40b9e3b19d8048d0bf32a66758420049ebfde74c69e21e7a8ae5a", 
   "jsSHA256": "46158923434f5a0672d63967afa314f2a87470313efc15b719d4aa178639378c", 
   "moduleName": "message-manager", 
   "packageName": "api-utils", 
   "requirements": {
    "./functional": {
     "path": "api-utils/lib/functional.js"
    }, 
    "./namespace": {
     "path": "api-utils/lib/namespace.js"
    }, 
    "./sandbox": {
     "path": "api-utils/lib/sandbox.js"
    }, 
    "./timer": {
     "path": "api-utils/lib/timer.js"
    }, 
    "chrome": {
     "path": "chrome"
    }
   }, 
   "sectionName": "lib"
  }, 
  "api-utils/lib/namespace.js": {
   "docsSHA256": "9039b94ab6b4c3300e71e805db3ffd83948d4f7e2d84ff3e9324a86a20585f83", 
   "jsSHA256": "b00b2f4ea8af0839f70b003ac9ebcd845bc29f70f9a8a2bc4642152fd88ddf97", 
   "moduleName": "namespace", 
   "packageName": "api-utils", 
   "requirements": {}, 
   "sectionName": "lib"
  }, 
  "api-utils/lib/observer-service.js": {
   "docsSHA256": "ae0a13f9bba2d6720722620d1481e64ac25cc647dd8ab956905e8616232f9e9a", 
   "jsSHA256": "496ee18cf76bfa93eb71eb9fc6e4efc2e4a04cd7a413f8727841bb2d05b76a02", 
   "moduleName": "observer-service", 
   "packageName": "api-utils", 
   "requirements": {
    "./memory": {
     "path": "api-utils/lib/memory.js"
    }, 
    "./unload": {
     "path": "api-utils/lib/unload.js"
    }, 
    "./xpcom": {
     "path": "api-utils/lib/xpcom.js"
    }, 
    "chrome": {
     "path": "chrome"
    }
   }, 
   "sectionName": "lib"
  }, 
  "api-utils/lib/plain-text-console.js": {
   "docsSHA256": "1140c5a2ea5178be883254a2afb371e1550b863adeab5434a7cba9ce9f573d1c", 
   "jsSHA256": "42c7855906a65e3b39451245c6e5f682494bac2c6557b6ace14faecb714cbff6", 
   "moduleName": "plain-text-console", 
   "packageName": "api-utils", 
   "requirements": {
    "./traceback": {
     "path": "api-utils/lib/traceback.js"
    }, 
    "chrome": {
     "path": "chrome"
    }
   }, 
   "sectionName": "lib"
  }, 
  "api-utils/lib/process.js": {
   "docsSHA256": null, 
   "jsSHA256": "2d1ccc5c3d9c01e221b6f9a8d13a156f8d71f50c441514a796eb1c925b071002", 
   "moduleName": "process", 
   "packageName": "api-utils", 
   "requirements": {
    "./channel": {
     "path": "api-utils/lib/channel.js"
    }, 
    "./message-manager": {
     "path": "api-utils/lib/message-manager.js"
    }, 
    "./unload": {
     "path": "api-utils/lib/unload.js"
    }, 
    "./xul-app": {
     "path": "api-utils/lib/xul-app.js"
    }, 
    "@packaging": {
     "path": "@packaging"
    }, 
    "api-utils/window-utils": {
     "path": "api-utils/lib/window-utils.js"
    }, 
    "chrome": {
     "path": "chrome"
    }
   }, 
   "sectionName": "lib"
  }, 
  "api-utils/lib/runtime.js": {
   "docsSHA256": "da3d34aa242a4a1a78874ef3458f8288a8e16881679b7cfe9c7340a7af3783f6", 
   "jsSHA256": "c890d46b04876a2bdebcc9fade057fea2ba0b484e3f0be6a8e27d6bb59e7eab3", 
   "moduleName": "runtime.js", 
   "packageName": "api-utils", 
   "requirements": {
    "chrome": {
     "path": "chrome"
    }
   }, 
   "sectionName": "lib"
  }, 
  "api-utils/lib/sandbox.js": {
   "docsSHA256": "5b0f006528fc71bae1ce2b7a06b6b80f366d88b0f881c9de822f3ca47a39187f", 
   "jsSHA256": "5d5fcb3d381de91cf2a208d82f0d84eb353b0dd69daac86ef96cd1aaefa02c75", 
   "moduleName": "sandbox", 
   "packageName": "api-utils", 
   "requirements": {
    "chrome": {
     "path": "chrome"
    }
   }, 
   "sectionName": "lib"
  }, 
  "api-utils/lib/self!.js": {
   "docsSHA256": null, 
   "jsSHA256": "8d19434a3d47c325ef3e54dbf383f7f56e7a1fe8328f36862d87e4d803504d91", 
   "moduleName": "self!", 
   "packageName": "api-utils", 
   "requirements": {
    "@packaging": {
     "path": "@packaging"
    }, 
    "chrome": {
     "path": "chrome"
    }
   }, 
   "sectionName": "lib"
  }, 
  "api-utils/lib/system.js": {
   "docsSHA256": null, 
   "jsSHA256": "77da3de84feb592f24d2bf326d72e45960ebcc4296f8cb49406048f87da718ea", 
   "moduleName": "system", 
   "packageName": "api-utils", 
   "requirements": {
    "./environment": {
     "path": "api-utils/lib/environment.js"
    }, 
    "./file": {
     "path": "api-utils/lib/file.js"
    }, 
    "./runtime.js": {
     "path": "api-utils/lib/runtime.js"
    }, 
    "@packaging": {
     "path": "@packaging"
    }, 
    "chrome": {
     "path": "chrome"
    }
   }, 
   "sectionName": "lib"
  }, 
  "api-utils/lib/tabs/events.js": {
   "docsSHA256": null, 
   "jsSHA256": "601f63124ee5fc721827f0bc7d51a0ce285ac20afd954eeb1d5ea2b3ae31c4da", 
   "moduleName": "tabs/events", 
   "packageName": "api-utils", 
   "requirements": {}, 
   "sectionName": "lib"
  }, 
  "api-utils/lib/tabs/observer.js": {
   "docsSHA256": null, 
   "jsSHA256": "82ccfb9ba2f4ec77bec5e2e92ae5a786481517d7f276968c6e2dead98f51093d", 
   "moduleName": "tabs/observer", 
   "packageName": "api-utils", 
   "requirements": {
    "../events": {
     "path": "api-utils/lib/events.js"
    }, 
    "../events/assembler": {
     "path": "api-utils/lib/events/assembler.js"
    }, 
    "../light-traits": {
     "path": "api-utils/lib/light-traits.js"
    }, 
    "../window-utils": {
     "path": "api-utils/lib/window-utils.js"
    }, 
    "../windows/observer": {
     "path": "api-utils/lib/windows/observer.js"
    }, 
    "./utils": {
     "path": "api-utils/lib/tabs/utils.js"
    }
   }, 
   "sectionName": "lib"
  }, 
  "api-utils/lib/tabs/tab.js": {
   "docsSHA256": null, 
   "jsSHA256": "97abe4abb0b3db46074cc34266a6fc6727beedfb8dcd122b7da951daade9bf36", 
   "moduleName": "tabs/tab", 
   "packageName": "api-utils", 
   "requirements": {
    "../api-utils": {
     "path": "api-utils/lib/api-utils.js"
    }, 
    "../content/worker": {
     "path": "api-utils/lib/content/worker.js"
    }, 
    "../events": {
     "path": "api-utils/lib/events.js"
    }, 
    "../functional": {
     "path": "api-utils/lib/functional.js"
    }, 
    "../traits": {
     "path": "api-utils/lib/traits.js"
    }, 
    "../utils/data": {
     "path": "api-utils/lib/utils/data.js"
    }, 
    "../utils/thumbnail": {
     "path": "api-utils/lib/utils/thumbnail.js"
    }, 
    "./events": {
     "path": "api-utils/lib/tabs/events.js"
    }, 
    "addon-kit/windows": {
     "path": "addon-kit/lib/windows.js"
    }, 
    "chrome": {
     "path": "chrome"
    }
   }, 
   "sectionName": "lib"
  }, 
  "api-utils/lib/tabs/utils.js": {
   "docsSHA256": null, 
   "jsSHA256": "eac5893db13b5d07a203fd485fe656a13e6c8c647d39442d18e3b095c7870f97", 
   "moduleName": "tabs/utils", 
   "packageName": "api-utils", 
   "requirements": {}, 
   "sectionName": "lib"
  }, 
  "api-utils/lib/text-streams.js": {
   "docsSHA256": "8e19169ffafcda9c319bb1e12068bfe2612eff2268d02765d3ea506e22c93e4d", 
   "jsSHA256": "1290e60106ce88356cef2f78ee594082a711063351825732037542920a779225", 
   "moduleName": "text-streams", 
   "packageName": "api-utils", 
   "requirements": {
    "./unload": {
     "path": "api-utils/lib/unload.js"
    }, 
    "chrome": {
     "path": "chrome"
    }
   }, 
   "sectionName": "lib"
  }, 
  "api-utils/lib/timer.js": {
   "docsSHA256": null, 
   "jsSHA256": "9d3680b71cb6e9e12ef982c98a17e0a846e8745ac12570e8b5b5d8212511ef4e", 
   "moduleName": "timer", 
   "packageName": "api-utils", 
   "requirements": {
    "./unload": {
     "path": "api-utils/lib/unload.js"
    }, 
    "./xpcom": {
     "path": "api-utils/lib/xpcom.js"
    }, 
    "chrome": {
     "path": "chrome"
    }
   }, 
   "sectionName": "lib"
  }, 
  "api-utils/lib/traceback.js": {
   "docsSHA256": "e08c1fd5421087d68e608f7f179d4212a08ce7460fd6939834a2ace59badefa8", 
   "jsSHA256": "0487cabe5f96891764019d323a69bd5ef380f01ad88c8080194f474f36ca1bda", 
   "moduleName": "traceback", 
   "packageName": "api-utils", 
   "requirements": {
    "./url": {
     "path": "api-utils/lib/url.js"
    }, 
    "chrome": {
     "path": "chrome"
    }
   }, 
   "sectionName": "lib"
  }, 
  "api-utils/lib/traits.js": {
   "docsSHA256": "7e6f1fb1d18a7abbde3a61f5db0ef61b24eb3adc77a07ce012fdef5a3db25ac0", 
   "jsSHA256": "b6b6bebf59c46adf01bcb80f8a97aa354b7a6eb912733ae5521097f25bf08fc3", 
   "moduleName": "traits", 
   "packageName": "api-utils", 
   "requirements": {
    "./traits/core": {
     "path": "api-utils/lib/traits/core.js"
    }
   }, 
   "sectionName": "lib"
  }, 
  "api-utils/lib/traits/core.js": {
   "docsSHA256": null, 
   "jsSHA256": "3a89ea0ad6095bd1e318549e622fd9a030373d04d329315a3a182e91c09614c5", 
   "moduleName": "traits/core", 
   "packageName": "api-utils", 
   "requirements": {}, 
   "sectionName": "lib"
  }, 
  "api-utils/lib/unload.js": {
   "docsSHA256": "3eac715867dc4fabccc115e6684cf05abdef4a0542274fdfce640d682c11b6b4", 
   "jsSHA256": "f684707fd7ddaf2eafba0c1de2c6731792c60095bfec28deb03a0f202c725e3b", 
   "moduleName": "unload", 
   "packageName": "api-utils", 
   "requirements": {}, 
   "sectionName": "lib"
  }, 
  "api-utils/lib/url.js": {
   "docsSHA256": "40ece4f227368bea31efc12f5b050564b5ef0fec0102fe93edf2dc42ddda0c0d", 
   "jsSHA256": "1d7259d85252f34bc0a04adfae30cda97a2e7d49b2070087e9da72b746348ce2", 
   "moduleName": "url", 
   "packageName": "api-utils", 
   "requirements": {
    "chrome": {
     "path": "chrome"
    }
   }, 
   "sectionName": "lib"
  }, 
  "api-utils/lib/utils/data.js": {
   "docsSHA256": null, 
   "jsSHA256": "b81a92a26b0f23e020bc873cab8af18062107b3a54a941dae3968e2cdf07b6dd", 
   "moduleName": "utils/data", 
   "packageName": "api-utils", 
   "requirements": {
    "chrome": {
     "path": "chrome"
    }
   }, 
   "sectionName": "lib"
  }, 
  "api-utils/lib/utils/object.js": {
   "docsSHA256": null, 
   "jsSHA256": "021787f0d120106d31e01bd10a01f03d6247804ea832faced3bf42bd67a8b48a", 
   "moduleName": "utils/object", 
   "packageName": "api-utils", 
   "requirements": {}, 
   "sectionName": "lib"
  }, 
  "api-utils/lib/utils/registry.js": {
   "docsSHA256": null, 
   "jsSHA256": "cc3ace2ff3d695e838358221518afa8cb5ea80bac362e75c737bf27e0d93e405", 
   "moduleName": "utils/registry", 
   "packageName": "api-utils", 
   "requirements": {
    "../events": {
     "path": "api-utils/lib/events.js"
    }, 
    "../unload": {
     "path": "api-utils/lib/unload.js"
    }
   }, 
   "sectionName": "lib"
  }, 
  "api-utils/lib/utils/thumbnail.js": {
   "docsSHA256": null, 
   "jsSHA256": "c4026174e3c2ee56ef1a7cc85fe6736db4f3de4249c9c9fb2e896b4d8aa9fec2", 
   "moduleName": "utils/thumbnail", 
   "packageName": "api-utils", 
   "requirements": {
    "chrome": {
     "path": "chrome"
    }
   }, 
   "sectionName": "lib"
  }, 
  "api-utils/lib/uuid.js": {
   "docsSHA256": "7c1e57b8153ecb1c87de5fdd686684e0017d2ba16f43c647d629edf638a7f718", 
   "jsSHA256": "f0dee5801e578994f6c69db12713062a103c380ed55aa0632a1f02c14a9d2a32", 
   "moduleName": "uuid", 
   "packageName": "api-utils", 
   "requirements": {
    "chrome": {
     "path": "chrome"
    }
   }, 
   "sectionName": "lib"
  }, 
  "api-utils/lib/window-utils.js": {
   "docsSHA256": "6def0e8ecd7d26430c348350c7ba0fb523b0f634cba8a5a66496e6650fca7236", 
   "jsSHA256": "c3ccd3f35e12e1ebca3a6f7f7a9d4ce3c36946f4b5e45a22b9654f32f2b9e85f", 
   "moduleName": "window-utils", 
   "packageName": "api-utils", 
   "requirements": {
    "./errors": {
     "path": "api-utils/lib/errors.js"
    }, 
    "./events": {
     "path": "api-utils/lib/events.js"
    }, 
    "./traits": {
     "path": "api-utils/lib/traits.js"
    }, 
    "./unload": {
     "path": "api-utils/lib/unload.js"
    }, 
    "./window-utils": {
     "path": "api-utils/lib/window-utils.js"
    }, 
    "api-utils/observer-service": {
     "path": "api-utils/lib/observer-service.js"
    }, 
    "chrome": {
     "path": "chrome"
    }, 
    "window/utils": {
     "path": "api-utils/lib/window/utils.js"
    }
   }, 
   "sectionName": "lib"
  }, 
  "api-utils/lib/window/utils.js": {
   "docsSHA256": "ba992c29e00ecd26995e3bd34d590ade419e5fd42256803c1412e5b43285b670", 
   "jsSHA256": "8f55e9bbb2294d79162b41a811378b443723c60b9127d4085a7c71d9afac8ae4", 
   "moduleName": "window/utils", 
   "packageName": "api-utils", 
   "requirements": {
    "api-utils/observer-service": {
     "path": "api-utils/lib/observer-service.js"
    }, 
    "chrome": {
     "path": "chrome"
    }
   }, 
   "sectionName": "lib"
  }, 
  "api-utils/lib/windows/dom.js": {
   "docsSHA256": null, 
   "jsSHA256": "eaa2464f4e5aeed9f3d4e068036073ec4a2a4848566e71f31057956350c38ba2", 
   "moduleName": "windows/dom", 
   "packageName": "api-utils", 
   "requirements": {
    "../traits": {
     "path": "api-utils/lib/traits.js"
    }
   }, 
   "sectionName": "lib"
  }, 
  "api-utils/lib/windows/loader.js": {
   "docsSHA256": null, 
   "jsSHA256": "efd6ed41deec689db50dc09024fdd2d8ddcb8338f53b65a25447f2a38fa78c85", 
   "moduleName": "windows/loader", 
   "packageName": "api-utils", 
   "requirements": {
    "../timer": {
     "path": "api-utils/lib/timer.js"
    }, 
    "../traits": {
     "path": "api-utils/lib/traits.js"
    }, 
    "chrome": {
     "path": "chrome"
    }
   }, 
   "sectionName": "lib"
  }, 
  "api-utils/lib/windows/observer.js": {
   "docsSHA256": null, 
   "jsSHA256": "4d72a1ba896960fba2742863aaa62b04de11a84eb7b321196be884ebfa7a40cc", 
   "moduleName": "windows/observer", 
   "packageName": "api-utils", 
   "requirements": {
    "../events": {
     "path": "api-utils/lib/events.js"
    }, 
    "../events/assembler": {
     "path": "api-utils/lib/events/assembler.js"
    }, 
    "../light-traits": {
     "path": "api-utils/lib/light-traits.js"
    }, 
    "../window-utils": {
     "path": "api-utils/lib/window-utils.js"
    }
   }, 
   "sectionName": "lib"
  }, 
  "api-utils/lib/windows/tabs.js": {
   "docsSHA256": null, 
   "jsSHA256": "2a5b7cad67dd079a05c1ad16e614c2998f60232c74c76200018955d51fcf47be", 
   "moduleName": "windows/tabs", 
   "packageName": "api-utils", 
   "requirements": {
    "../events": {
     "path": "api-utils/lib/events.js"
    }, 
    "../list": {
     "path": "api-utils/lib/list.js"
    }, 
    "../tabs/events": {
     "path": "api-utils/lib/tabs/events.js"
    }, 
    "../tabs/observer": {
     "path": "api-utils/lib/tabs/observer.js"
    }, 
    "../tabs/tab": {
     "path": "api-utils/lib/tabs/tab.js"
    }, 
    "../tabs/utils": {
     "path": "api-utils/lib/tabs/utils.js"
    }, 
    "../traits": {
     "path": "api-utils/lib/traits.js"
    }
   }, 
   "sectionName": "lib"
  }, 
  "api-utils/lib/xpcom.js": {
   "docsSHA256": "21651e6c0c6710f081701a1ad191a20ab67b7a86f758fbc1236ae39d12783524", 
   "jsSHA256": "11a1e2e128a47388cf98662aa134858a5cb5edad9d90760e4eb81138920edaf2", 
   "moduleName": "xpcom", 
   "packageName": "api-utils", 
   "requirements": {
    "./base": {
     "path": "api-utils/lib/base.js"
    }, 
    "./runtime": {
     "path": "api-utils/lib/runtime.js"
    }, 
    "./unload": {
     "path": "api-utils/lib/unload.js"
    }, 
    "./uuid": {
     "path": "api-utils/lib/uuid.js"
    }, 
    "./xul-app": {
     "path": "api-utils/lib/xul-app.js"
    }, 
    "chrome": {
     "path": "chrome"
    }
   }, 
   "sectionName": "lib"
  }, 
  "api-utils/lib/xul-app.js": {
   "docsSHA256": "a8a75f8986992cdfd4bb75e446bad60d01257a4df65dd07c9db050d90be536e6", 
   "jsSHA256": "712b929399b525bf49eb95af4c2f91a5500d0c0a739ff87a7c5acf333dada3e9", 
   "moduleName": "xul-app", 
   "packageName": "api-utils", 
   "requirements": {
    "chrome": {
     "path": "chrome"
    }
   }, 
   "sectionName": "lib"
  }, 
  "networking-dashboard/lib/main.js": {
   "docsSHA256": "cc3d7116076505b44aa1bfc81c908d9ec36214020a5310d3eec02d0ff4ae5608", 
   "jsSHA256": "71b9bbaecf4d942da2a035f60f8a7c5793507cb770adab15f046bc989a6380ca", 
   "moduleName": "main", 
   "packageName": "networking-dashboard", 
   "requirements": {
    "api-utils/xpcom": {
     "path": "api-utils/lib/xpcom.js"
    }, 
    "chrome": {
     "path": "chrome"
    }, 
    "page-mod": {
     "path": "addon-kit/lib/page-mod.js"
    }, 
    "self": {
     "dataURIPrefix": "networking-dashboard/data/", 
     "mapName": "networking-dashboard-data", 
     "mapSHA256": "5655a5fbff329214a02f564bb0f38f0e360552016fb85aaa81facc04ec5dcac1", 
     "path": "self"
    }, 
    "timers": {
     "path": "addon-kit/lib/timers.js"
    }
   }, 
   "sectionName": "lib"
  }
 }, 
 "metadata": {
  "addon-kit": {
   "author": "Atul Varma (http://toolness.com/) <atul@mozilla.com>", 
   "contributors": [
    "Myk Melez (http://melez.com/) <myk@mozilla.org>", 
    "Daniel Aquino <mr.danielaquino@gmail.com>"
   ], 
   "description": "Add-on development made easy.", 
   "keywords": [
    "javascript", 
    "engine", 
    "platform", 
    "xulrunner", 
    "jetpack-high-level"
   ], 
   "license": "MPL 2.0", 
   "name": "addon-kit"
  }, 
  "api-utils": {
   "author": "Atul Varma (http://toolness.com/) <atul@mozilla.com>", 
   "contributors": [
    "Myk Melez (http://melez.com/) <myk@mozilla.org>", 
    "Daniel Aquino <mr.danielaquino@gmail.com>"
   ], 
   "description": "Foundational infrastructure and utilities.", 
   "keywords": [
    "javascript", 
    "engine", 
    "platform", 
    "xulrunner", 
    "jetpack-low-level"
   ], 
   "license": "MPL 2.0", 
   "name": "api-utils"
  }, 
  "networking-dashboard": {
   "author": "Jiten Thakkar", 
   "description": "a basic add-on", 
   "license": "MPL 2.0", 
   "main": "main", 
   "name": "networking-dashboard", 
   "version": "0.1"
  }
 }, 
 "name": "networking-dashboard", 
 "sdkVersion": "1.7", 
 "staticArgs": {}, 
 "verbose": false
}